Workbook

Sheet Total Aufwand
C2: Name des Projekts: | E2: oikos Solar
C4: Jahr des Projekts: | E4: 2025/2026
C6: Name Student/-in: | E6: Fabian Alberti
C8: Name begleitende(r) Dozierende(r): | F8: Prof. Dr. Judith Walls
C11: Arbeitsaufwand für gesamtes Projekt
D13: Aufwand
D14: Stunden | E14: Tage
C15: Januar | D15: =Jan!C43 -> 38 | E15: =D15/8 -> 4.75
C16: Februar | D16: =Feb!C43 -> 34.5 | E16: =D16/8 -> 4.3125
C17: März | D17: =März!C43 -> 45.5 | E17: =D17/8 -> 5.6875
C18: April | D18: =April!C43 -> 43.5 | E18: =D18/8 -> 5.4375
C19: Mai | D19: =Mai!C43 -> 22.5 | E19: =D19/8 -> 2.8125
C20: Juni | D20: =Juni!C42 -> 14.5 | E20: =D20/8 -> 1.8125
C21: Juli | D21: =Juli!C43 -> 21 | E21: =D21/8 -> 2.625
C22: August | D22: =Aug!C43 -> 38.5 | E22: =D22/8 -> 4.8125
C23: September | D23: =Sept!C42 -> 31 | E23: =D23/8 -> 3.875
C24: Oktober | D24: =Okt!C43 -> 33.5 | E24: =D24/8 -> 4.1875
C25: November | D25: =Nov!C42 -> 29.5 | E25: =D25/8 -> 3.6875
C26: Dezember | D26: =Dez!C43 -> 29.5 | E26: =D26/8 -> 3.6875
C28: Total | D28: =SUM(D15:D27) -> 381.5 | E28: =SUM(E15:E27) -> 47.6875
C32: Datum / Unterschrift Student/-in:
C35: ...................................................................................
C39: Datum / Unterschrift Präsident/-in der Organisation:
C42: ...................................................................................
C46: Datum / Unterschrift begleitende(r) Dozierende(r):
C49: ...................................................................................
C52: Hinweis:
C53: Dieses Formular wird Ihnen von der Universität St.Gallen zur Verfügung gestellt.
C54: Für die korrekte Berechnung wird keine Gewähr übernommen.

Sheet Jan
B2: Fabian Alberti | D2: oikos Solar
B4: Campus Credits Arbeitsrapport
B5: - Die Aufwände sind in Stunden anzugeben
B6: - Dieses Arbeitsblatt bezieht sich auf einen Kalendermonat
B7: Monat: | C7: ='Total Aufwand'!C15 -> Januar
B9: Datum | C9: Aufwand | D9: Kurzbeschreibung der Tätigkeit
C10: Stunden
B11: 1. Januar
B12: 2. Januar | C12: 1 | D12: Inova Energy Event Konzept Review mit Sophia (Head of Marketing)
B13: 3. Januar | C13: 1 | D13: Koordination Gewinnspiel SSV
B14: 4. Januar
B15: 5. Januar
B16: 6. Januar | C16: 2 | D16: Weekly (inkl. Vor- und Nachbereitung)
B17: 7. Januar
B18: 8. Januar
B19: 9. Januar
B20: 10. Januar | C20: 2 | D20: Beantwortung von externen Anfragen zu oikos Solar Impersonations Scam in den USA (Mail)
B21: 11. Januar
B22: 12. Januar
B23: 13. Januar
B24: 14. Januar | C24: 1.5 | D24: Beantwortung von externen Anfragen zu oikos Solar Impersonations Scam in den USA (LinkedIn)
B25: 15. Januar
B26: 16. Januar | C26: 3 | D26: Aufräumen Monday.com, Gdrive
B27: 17. Januar
B28: 18. Januar | C28: 3 | D28: Finalisierung Restrukturierungskonzept
B29: 19. Januar | C29: 4 | D29: Meeting Board zu Semester Planung
B30: 20. Januar | C30: 6.5 | D30: Handover Agathe, Weekly (inkl. Vor- und Nachbereitung), Erstellung Notion Workspace
B31: 21. Januar | C31: 1.5 | D31: oikos Solar Strategy Formulierung und Dokumentation
B32: 22. Januar
B33: 23. Januar
B34: 24. Januar
B35: 25. Januar | C35: 1 | D35: Koordination mit Board zu Projektlage
B36: 26. Januar | C36: 5 | D36: Meeting zu potenziellem Will Consulting Projekt mit Fynn, Koordination Refund Canva, Review Webseite Vorschlag Sophia
B37: 27. Januar | C37: 4.5 | D37: oikos Solar EU/CH Stromabkommen Event, Recruiting Post Review Meeting, Weekly (inkl. Vor- und Nachbereitung)
B38: 28. Januar
B39: 29. Januar
B40: 30. Januar | C40: 2 | D40: Meeting zur Zukunft des SPM Teams
B41: 31. Januar
B43: Aufwand Stunden | C43: =SUM(C11:C41) -> 38
B44: Aufwand Tage | C44: =C43/8 -> 4.75

Sheet Feb
B2: Fabian Alberti | D2: oikos Solar
B4: Campus Credits Arbeitsrapport
B5: - Die Aufwände sind in Stunden anzugeben
B6: - Dieses Arbeitsblatt bezieht sich auf einen Kalendermonat
B7: Monat: | C7: ='Total Aufwand'!C16 -> Februar
B9: Datum | C9: Aufwand | D9: Kurzbeschreibung der Tätigkeit
C10: Stunden
B11: 1. Februar | C11: 7 | D11: Meeting zur Zukunft des Research Teams mit Xulu, Überarbeitung Webseite Design, Ausarbeitung Restrukturierungsplan
B12: 2. Februar | C12: 2 | D12: Semester Planung Finance mit Simon
B13: 3. Februar | C13: 4 | D13: Weekly (inkl. Vor- und Nachbereitung), Vorbereitung TB Will Gespräch
B14: 4. Februar | C14: 3 | D14: Meeting mit Emiliano TB Will zu potenzieller Zusammenarbeit
B15: 5. Februar | C15: 1.5 | D15: Review Projektvorschlag TB Will
B16: 6. Februar
B17: 7. Februar
B18: 8. Februar | C18: 2 | D18: Review Offerte mit Fynn
B19: 9. Februar
B20: 10. Februar | C20: 2 | D20: Weekly (inkl. Vor- und Nachbereitung)
B21: 11. Februar | C21: 2 | D21: Semester Planung Data Analytics mit Fiona
B22: 12. Februar
B23: 13. Februar
B24: 14. Februar
B25: 15. Februar
B26: 16. Februar
B27: 17. Februar | C27: 2 | D27: Weekly (inkl. Vor- und Nachbereitung)
B28: 18. Februar | C28: 2 | D28: Data Analytics Planung (2) mit Fiona
B29: 19. Februar | C29: 3 | D29: oikos Kick-Off
B30: 20. Februar
B31: 21. Februar
B32: 22. Februar
B33: 23. Februar
B34: 24. Februar | C34: 2 | D34: Weekly (inkl. Vor- und Nachbereitung), Ressourcenplanung Data Analytics
B35: 25. Februar
B36: 26. Februar | C36: 2 | D36: Erstellung Impact Report
B37: 27. Februar
B38: 28. Februar
B43: Aufwand Stunden | C43: =SUM(C11:C41) -> 34.5
B44: Aufwand Tage | C44: =C43/8 -> 4.3125

Sheet März
B2: Fabian Alberti | D2: oikos Solar
B4: Campus Credits Arbeitsrapport
B5: - Die Aufwände sind in Stunden anzugeben
B6: - Dieses Arbeitsblatt bezieht sich auf einen Kalendermonat
B7: Monat: | C7: ='Total Aufwand'!C17 -> März
B9: Datum | C9: Aufwand | D9: Kurzbeschreibung der Tätigkeit
C10: Stunden
B11: 1. März
B12: 2. März | C12: 4 | D12: Solar x Catalyst Planung (Meetings mit Sophia als auch Ugo von Catalyst)
B13: 3. März | C13: 2 | D13: Weekly (inkl. Vor- und Nachbereitung)
B14: 4. März
B15: 5. März | C15: 2 | D15: Onboarding neuer Consultants
B16: 6. März
B17: 7. März | C17: 1.5 | D17: Gespräch mit potenzielle neuen Head of Consulting
B18: 8. März | C18: 1 | D18: Clean Up alter Emails
B19: 9. März | C19: 3 | D19: PH Roundatble
B20: 10. März | C20: 2.5 | D20: Weekly (inkl. Vor- und Nachbereitung), oikos Community Event
B21: 11. März
B22: 12. März
B23: 13. März
B24: 14. März
B25: 15. März
B26: 16. März | C26: 1 | D26: Umfrage Community Event
B27: 17. März | C27: 4 | D27: Weekly (inkl. Vor- und Nachbereitung), Planung Community Event oikos Solar
B28: 18. März
B29: 19. März | C29: 1.5 | D29: Interview Consulting Team
B30: 20. März | C30: 3 | D30: Vorbereitung Full-Team Meeting
B31: 21. März
B32: 22. März | C32: 2 | D32: Consulting Department Head Übergabe Briefing
B33: 23. März | C33: 8 | D33: Meeting mit Prof. Pfister zu Consulting Workshop, Campus Credits Info-Event, Full-Team In-Person Meeting
B34: 24. März | C34: 8 | D34: Inova Energy x oikos Solar Event
B35: 25. März
B36: 26. März
B37: 27. März
B38: 28. März
B39: 29. März
B40: 30. März
B41: 31. März | C41: 2 | D41: Weekly (inkl. Vor- und Nachbereitung)
B43: Aufwand Stunden | C43: =SUM(C11:C41) -> 45.5
B44: Aufwand Tage | C44: =C43/8 -> 5.6875

Sheet April
B2: Fabian Alberti | D2: oikos Solar
B4: Campus Credits Arbeitsrapport
B5: - Die Aufwände sind in Stunden anzugeben
B6: - Dieses Arbeitsblatt bezieht sich auf einen Kalendermonat
B7: Monat: | C7: ='Total Aufwand'!C18 -> April
B9: Datum | C9: Aufwand | D9: Kurzbeschreibung der Tätigkeit
C10: Stunden
B11: 1. April | C11: 2 | D11: Meeting mit Inova Energy zu potenziellem Consulting Projekt
B12: 2. April
B13: 3. April
B14: 4. April
B15: 5. April
B16: 6. April
B17: 7. April | C17: 2 | D17: Weekly (inkl. Vor- und Nachbereitung)
B18: 8. April | C18: 1.5 | D18: Finalisierung Impact Report
B19: 9. April | C19: 4.5 | D19: Finalisierung Projektvorschlag Inova Energy
B20: 10. April
B21: 11. April
B22: 12. April
B23: 13. April | C23: 4 | D23: PH Roundtable
B24: 14. April | C24: 1 | D24: oikos Community get together
B25: 15. April
B26: 16. April
B27: 17. April
B28: 18. April | C28: 2.5 | D28: Organisation Google Drive Workspace
B29: 19. April
B30: 20. April | C30: 1 | D30: Beantwortung von externen Anfragen zu oikos Solar Impersonations Scam in den USA
B31: 21. April | C31: 5 | D31: Weekly (inkl. Vor- und Nachbereitung), Koordination mit Legal Team zu Vertrag für Inova Energy, Erstellung Handover Guideline/Template
B32: 22. April | C32: 6 | D32: Next-Gen Impact Forum Fair, oikos Catalyst x Solar Pitching Competition
B33: 23. April | C33: 3 | D33: Erstellung Draft Vertrag für Inova Energy in Koordinaiton mit Legal
B34: 24. April
B35: 25. April
B36: 26. April
B37: 27. April | C37: 2 | D37: Finalisierung Vertrag Inova Energy
B38: 28. April | C38: 4 | D38: Inova Energy Project Kick-Off. Weekly (inkl. Vor- und Nachbereitung)
B39: 29. April | C39: 2 | D39: Organisation Notion Workspace
B40: 30. April | C40: 3 | D40: Programmierung einer Zeiterfassungs-App für unsere Consulting Projekte
B43: Aufwand Stunden | C43: =SUM(C11:C41) -> 43.5
B44: Aufwand Tage | C44: =C43/8 -> 5.4375

Sheet Mai
B2: Fabian Alberti | D2: oikos Solar
B4: Campus Credits Arbeitsrapport
B5: - Die Aufwände sind in Stunden anzugeben
B6: - Dieses Arbeitsblatt bezieht sich auf einen Kalendermonat
B7: Monat: | C7: ='Total Aufwand'!C19 -> Mai
B9: Datum | C9: Aufwand | D9: Kurzbeschreibung der Tätigkeit
C10: Stunden
B11: 1. Mai
B12: 2. Mai | C12: 2 | D12: Weekly (inkl. Vor- und Nachbereitung)
B13: 3. Mai
B14: 4. Mai | C14: 1 | D14: Support Consulting Recherche
B15: 5. Mai
B16: 6. Mai
B17: 7. Mai | C17: 4 | D17: Review und Ausbesserung Präsentation Milestone 1
B18: 8. Mai
B19: 9. Mai
B20: 10. Mai | C20: 1.5 | D20: Vorbereitung Milestone 1 Präsentation
B21: 11. Mai
B22: 12. Mai | C22: 2 | D22: Weekly (inkl. Vor- und Nachbereitung)
B23: 13. Mai | C23: 3 | D23: Milestone 1 Präsentation Inova Energy
B24: 14. Mai
B25: 15. Mai
B26: 16. Mai
B27: 17. Mai
B28: 18. Mai
B29: 19. Mai | C29: 2 | D29: Weekly (inkl. Vor- und Nachbereitung)
B30: 20. Mai
B31: 21. Mai
B32: 22. Mai
B33: 23. Mai
B34: 24. Mai
B35: 25. Mai | C35: 2 | D35: Vorbereitung Milestone 2 Präsentation
B36: 26. Mai | C36: 2 | D36: Weekly (inkl. Vor- und Nachbereitung)
B37: 27. Mai | C37: 3 | D37: Milestone 2 Präsentation Inova Energy
B38: 28. Mai
B39: 29. Mai
B40: 30. Mai
B41: 31. Mai
B43: Aufwand Stunden | C43: =SUM(C11:C41) -> 22.5
B44: Aufwand Tage | C44: =C43/8 -> 2.8125

Sheet Juni
B2: Fabian Alberti | D2: oikos Solar
B4: Campus Credits Arbeitsrapport
B5: - Die Aufwände sind in Stunden anzugeben
B6: - Dieses Arbeitsblatt bezieht sich auf einen Kalendermonat
B7: Monat: | C7: ='Total Aufwand'!C20 -> Juni
B9: Datum | C9: Aufwand | D9: Kurzbeschreibung der Tätigkeit
C10: Stunden
B11: 1. Juni | C11: 2 | D11: Update Research Project with Xulu
B12: 2. Juni
B13: 3. Juni
B14: 4. Juni | C14: 3 | D14: Outlook Meeting Fiona Data Analytics + Weekly
B15: 5. Juni
B16: 6. Juni
B17: 7. Juni
B18: 8. Juni
B19: 9. Juni
B20: 10. Juni
B21: 11. Juni | C21: 1.5 | D21: Weekly (incl. Prep and Docu)
B22: 12. Juni
B23: 13. Juni
B24: 14. Juni
B25: 15. Juni
B26: 16. Juni
B27: 17. Juni
B28: 18. Juni | C28: 1.5 | D28: Weekly (incl. Prep and Docu)
B29: 19. Juni
B30: 20. Juni
B31: 21. Juni
B32: 22. Juni
B33: 23. Juni
B34: 24. Juni
B35: 25. Juni | C35: 1.5 | D35: Weekly (incl. Prep and Docu)
B36: 26. Juni | C36: 2 | D36: Davos Project Proposal Outreach Prep
B37: 27. Juni | C37: 3 | D37: Finalisierung Präsentation Davos Projekt
B38: 28. Juni
B39: 29. Juni
B40: 30. Juni
B42: Aufwand Stunden | C42: =SUM(C11:C40) -> 14.5
B43: Aufwand Tage | C43: =C42/8 -> 1.8125

Sheet Juli
B2: Fabian Alberti | D2: oikos Solar
B4: Campus Credits Arbeitsrapport
B5: - Die Aufwände sind in Stunden anzugeben
B6: - Dieses Arbeitsblatt bezieht sich auf einen Kalendermonat
B7: Monat: | C7: ='Total Aufwand'!C21 -> Juli
B9: Datum | C9: Aufwand | D9: Kurzbeschreibung der Tätigkeit
C10: Stunden
B11: 1. Juli
B12: 2. Juli | C12: 1.5 | D12: Weekly (incl. Prep and Docu)
B13: 3. Juli
B14: 4. Juli
B15: 5. Juli | C15: 2 | D15: Update Research Project with Xulu
B16: 6. Juli | C16: 2 | D16: Preperation for Call with Maurice from Swiss Solar Ventures
B17: 7. Juli | C17: 2 | D17: Call with Maurice from Swiss Solar Ventures on potential Collab
B18: 8. Juli
B19: 9. Juli | C19: 1.5 | D19: Weekly (incl. Prep and Docu)
B20: 10. Juli | C20: 1 | D20: Davos Feedback Call with Victor
B21: 11. Juli
B22: 12. Juli
B23: 13. Juli
B24: 14. Juli
B25: 15. Juli
B26: 16. Juli | C26: 1.5 | D26: Weekly (incl. Prep and Docu)
B27: 17. Juli
B28: 18. Juli
B29: 19. Juli | C29: 2 | D29: Internal Kick-Off Evaluation Tool for SGSW
B30: 20. Juli
B31: 21. Juli
B32: 22. Juli
B33: 23. Juli
B34: 24. Juli | C34: 3 | D34: Handover Call + Preperation with Loris
B35: 25. Juli
B36: 26. Juli | C36: 4.5 | D36: Planung Semester 25, Erarbeitung Dokumentationskonzept
B37: 27. Juli
B38: 28. Juli
B39: 29. Juli
B40: 30. Juli
B41: 31. Juli
B43: Aufwand Stunden | C43: =SUM(C11:C41) -> 21
B44: Aufwand Tage | C44: =C43/8 -> 2.625

Sheet Aug
B2: Fabian Alberti | D2: oikos Solar
B4: Campus Credits Arbeitsrapport
B5: - Die Aufwände sind in Stunden anzugeben
B6: - Dieses Arbeitsblatt bezieht sich auf einen Kalendermonat
B7: Monat: | C7: ='Total Aufwand'!C22 -> August
B9: Datum | C9: Aufwand | D9: Kurzbeschreibung der Tätigkeit
C10: Stunden
B11: 1. August | C11: 2.5 | D11: Review Ergebnisse Phase 2 SGSW
B12: 2. August
B13: 3. August
B14: 4. August
B15: 5. August | C15: 2 | D15: Vorbereitung Abschlusspräsentation
B16: 6. August | C16: 5 | D16: Abschlusspräsentation Phase 2 SGSW Consulting Projekt (inklusive Vor- und Nachbereitung)
B17: 7. August
B18: 8. August
B19: 9. August
B20: 10. August | C20: 3 | D20: Semester Planung (individuell)
B21: 11. August
B22: 12. August | C22: 2 | D22: Semester Planung Consulting mit Fynn
B23: 13. August | C23: 4 | D23: Semester Planung Marketing, Semester Planung Finance
B24: 14. August | C24: 5 | D24: Semester Planung SPM, Workshop Proposal Review SGSW
B25: 15. August
B26: 16. August | C26: 3 | D26: Recherche potenzielle Startups für Projekt
B27: 17. August
B28: 18. August
B29: 19. August
B30: 20. August
B31: 21. August
B32: 22. August | C32: 2 | D32: Meeting mit Iron Energy über potenzielle Zusammenarbeit
B33: 23. August
B34: 24. August | C34: 2 | D34: Vorbereitung Pitch EDW Davos
B35: 25. August | C35: 3 | D35: Pitch bei EDW Davos
B36: 26. August
B37: 27. August | C37: 2 | D37: Follow-Up Gespräch mit den SGSW zum Evaluations Tool
B38: 28. August
B39: 29. August | C39: 3 | D39: Kick-Off mit Maurice von Swiss Solar Ventures zur Zusammenarbeit
B40: 30. August
B41: 31. August
B43: Aufwand Stunden | C43: =SUM(C11:C41) -> 38.5
B44: Aufwand Tage | C44: =C43/8 -> 4.8125

Sheet Sept
B2: Fabian Alberti | D2: oikos Solar
B4: Campus Credits Arbeitsrapport
B5: - Die Aufwände sind in Stunden anzugeben
B6: - Dieses Arbeitsblatt bezieht sich auf einen Kalendermonat
B7: Monat: | C7: ='Total Aufwand'!C23 -> September
B9: Datum | C9: Aufwand | D9: Kurzbeschreibung der Tätigkeit
C10: Stunden
B11: 1. September
B12: 2. September | C12: 2 | D12: Weekly (inkl. Vor- und Nachbereitung)
B13: 3. September
B14: 4. September
B15: 5. September | C15: 1.5 | D15: Review Call mit Viktor zu Davos
B16: 6. September | C16: 3 | D16: Research Projekt Orga Call, Project Heads Meeting (oikos)
B17: 7. September
B18: 8. September | C18: 2 | D18: Meeting mit Legal Team zu Vertrag für die Swiss Solar Ventures Collab
B19: 9. September | C19: 4 | D19: Weekly (inkl. Vor- und Nachbereitung), Davos Proposal Preperation
B20: 10. September
B21: 11. September
B22: 12. September
B23: 13. September
B24: 14. September
B25: 15. September
B26: 16. September | C26: 2 | D26: Weekly (inkl. Vor- und Nachbereitung)
B27: 17. September
B28: 18. September | C28: 2 | D28: Call mit oikos Board zu Swiss Solar Ventures Collab
B29: 19. September
B30: 20. September
B31: 21. September
B32: 22. September | C32: 3 | D32: Recruiting Interview for Consulting und Research Team
B33: 23. September | C33: 2 | D33: Weekly (inkl. Vor- und Nachbereitung)
B34: 24. September
B35: 25. September | C35: 1.5 | D35: Abnahme Event Konzept Swiss Solar Ventures
B36: 26. September | C36: 3 | D36: Aktualisierung oikos Solar Webseite Infos (oikos St. Gallen), Recruiting Positionen Dokumentation
B37: 27. September | C37: 1.5 | D37: Absprache Data Insights Team
B38: 28. September
B39: 29. September | C39: 0.5 | D39: Meeting zu Campus Credits Möglichkeit mit Tommaso
B40: 30. September | C40: 3 | D40: Weekly (inkl. Vor- und Nachbereitung), Interview Consulting
B42: Aufwand Stunden | C42: =SUM(C11:C40) -> 31
B43: Aufwand Tage | C43: =C42/8 -> 3.875

Sheet Okt
B2: Fabian Alberti | D2: oikos Solar
B4: Campus Credits Arbeitsrapport
B5: - Die Aufwände sind in Stunden anzugeben
B6: - Dieses Arbeitsblatt bezieht sich auf einen Kalendermonat
B7: Monat: | C7: ='Total Aufwand'!C24 -> Oktober
B9: Datum | C9: Aufwand | D9: Kurzbeschreibung der Tätigkeit
C10: Stunden
B11: 1. Oktober
B12: 2. Oktober
B13: 3. Oktober | C13: 3 | D13: Reserch Teem Orga Meeting, Interview SPM
B14: 4. Oktober | C14: 1.5 | D14: Interview SPM
B15: 5. Oktober | C15: 0.5 | D15: Koordination mit Maurice von Swiss Solar Ventures
B16: 6. Oktober | C16: 1.5 | D16: Interview SPM
B17: 7. Oktober | C17: 3 | D17: Interview Research, Weekly (inkl. Vor- und Nachbereitung)
B18: 8. Oktober
B19: 9. Oktober
B20: 10. Oktober
B21: 11. Oktober | C21: 6 | D21: oikos Kick-Off
B22: 12. Oktober
B23: 13. Oktober | C23: 1.5 | D23: Vorbereitung Event mit Swiss Solar Ventures
B24: 14. Oktober | C24: 4 | D24: Event mit Maurice von Swiss Solar Ventures
B25: 15. Oktober
B26: 16. Oktober
B27: 17. Oktober
B28: 18. Oktober | C28: 1 | D28: Weekly SPM Meeting
B29: 19. Oktober
B30: 20. Oktober | C30: 2 | D30: oikos Board Meeting
B31: 21. Oktober | C31: 2 | D31: Weekly (inkl. Vor- und Nachbereitung)
B32: 22. Oktober
B33: 23. Oktober
B34: 24. Oktober | C34: 2.5 | D34: Treffen mit Loris und Christian Opitz für Beratung zur Zukunft von oikos Solar, Dokumentation Ideen
B35: 25. Oktober
B36: 26. Oktober | C36: 2 | D36: Recherche potenzielle Consulting-Leads
B37: 27. Oktober
B38: 28. Oktober | C38: 3 | D38: Weekly (inkl. Vor- und Nachbereitung)
B39: 29. Oktober
B40: 30. Oktober
B41: 31. Oktober
B43: Aufwand Stunden | C43: =SUM(C11:C41) -> 33.5
B44: Aufwand Tage | C44: =C43/8 -> 4.1875

Sheet Nov
B2: Fabian Alberti | D2: oikos Solar
B4: Campus Credits Arbeitsrapport
B5: - Die Aufwände sind in Stunden anzugeben
B6: - Dieses Arbeitsblatt bezieht sich auf einen Kalendermonat
B7: Monat: | C7: ='Total Aufwand'!C25 -> November
B9: Datum | C9: Aufwand | D9: Kurzbeschreibung der Tätigkeit
C10: Stunden
B11: 1. November | C11: 1.5 | D11: Absprache zu Projektpräsentation bei MaCS mit Lorena
B12: 2. November
B13: 3. November | C13: 0.5 | D13: Lecture Shoutout
B14: 4. November | C14: 3 | D14: Weekly (inkl. Vor- und Nachbereitung)
B15: 5. November
B16: 6. November | C16: 1 | D16: Review Budget oikos Solar
B17: 7. November
B18: 8. November
B19: 9. November
B20: 10. November
B21: 11. November | C21: 1 | D21: Meeting zu Finanzen mit Simon und Mathieu
B22: 12. November
B23: 13. November
B24: 14. November | C24: 2 | D24: Research Project Meeting
B25: 15. November
B26: 16. November
B27: 17. November | C27: 1.5 | D27: Call mit Agathe zu SPM Zukunft
B28: 18. November | C28: 6 | D28: Meeting mit oikos Catalyst zu Collab, Weekly (inkl. Vor- und Nachbereitung). oikos Project Heads Event
B29: 19. November | C29: 2.5 | D29: Erarbeitung Startup Lead Liste für Catalyst Event
B30: 20. November
B31: 21. November
B32: 22. November | C32: 3.5 | D32: Ausarbeitung Strategy und Vision oikos Solar
B33: 23. November
B34: 24. November
B35: 25. November
B36: 26. November
B37: 27. November | C37: 5 | D37: Weekly (inkl. Vor- und Nachbereitung). oikos Community Event
B38: 28. November | C38: 2 | D38: Weiterbearbeitung oikos Solar Strategy
B39: 29. November
B40: 30. November
B42: Aufwand Stunden | C42: =SUM(C11:C40) -> 29.5
B43: Aufwand Tage | C43: =C42/8 -> 3.6875

Sheet Dez
B2: Fabian Alberti | D2: oikos Solar
B4: Campus Credits Arbeitsrapport
B5: - Die Aufwände sind in Stunden anzugeben
B6: - Dieses Arbeitsblatt bezieht sich auf einen Kalendermonat
B7: Monat: | C7: ='Total Aufwand'!C26 -> Dezember
B9: Datum | C9: Aufwand | D9: Kurzbeschreibung der Tätigkeit
C10: Stunden
B11: 1. Dezember
B12: 2. Dezember | C12: 7 | D12: Meeting mit oikos Catalyst zu Collab, Project Heads Meeting, General Assembly, Weekly (inkl. Vor- und Nachbereitung)
B13: 3. Dezember
B14: 4. Dezember
B15: 5. Dezember | C15: 1.5 | D15: Ausarbeitung Restrukturierungskonzept
B16: 6. Dezember | C16: 0.5 | D16: Koordination mit Catalyst
B17: 7. Dezember
B18: 8. Dezember | C18: 2 | D18: Consulting x Research Meeting, Erarbeitung Research Refokussierung
B19: 9. Dezember | C19: 2 | D19: Weekly (inkl. Vor- und Nachbereitung)
B20: 10. Dezember
B21: 11. Dezember | C21: 1.5 | D21: Will Projekt Catch Up Meeting mit Fynn und SPM Team
B22: 12. Dezember
B23: 13. Dezember | C23: 5 | D23: oikos Alumni Hike
B24: 14. Dezember
B25: 15. Dezember
B26: 16. Dezember | C26: 4 | D26: oikos Solar Christmas get together (Orga und Event selbst)
B27: 17. Dezember
B28: 18. Dezember
B29: 19. Dezember
B30: 20. Dezember
B31: 21. Dezember
B32: 22. Dezember | C32: 2 | D32: Sync mit Board
B33: 23. Dezember | C33: 2 | D33: Weekly (inkl. Vor- und Nachbereitung)
B34: 24. Dezember
B35: 25. Dezember
B36: 26. Dezember
B37: 27. Dezember
B38: 28. Dezember
B39: 29. Dezember
B40: 30. Dezember | C40: 2 | D40: Weekly (inkl. Vor- und Nachbereitung)
B41: 31. Dezember
B43: Aufwand Stunden | C43: =SUM(C11:C41) -> 29.5
B44: Aufwand Tage | C44: =C43/8 -> 3.6875
